condition,amplitude,frequency,n_trials,sustained_broadband_delta_mean,sustained_broadband_delta_ci_low,sustained_broadband_delta_ci_high,offset_broadband_delta_mean,offset_broadband_delta_ci_low,offset_broadband_delta_ci_high,driven_power_log2_delta_mean,driven_power_log2_delta_ci_low,driven_power_log2_delta_ci_high
amp100_freq5,100,5,200,1.5973085212707518,-2.9842968015670777,6.170834578037262,4.920659928321839,-1.7504458113908767,12.004787457466103,-0.08211076615944321,-0.22491839889996743,0.05774035288085755
amp180_freq5,180,5,200,-0.3404702854156494,-4.798744596719741,3.9810542433261773,2.2281154918670656,-4.555180758953094,9.38570174920559,0.050731904916992025,-0.08295137262722363,0.18849196444015887
amp250_freq5,250,5,200,0.5794993209838867,-4.0904692208766935,4.8049420161247225,-0.2778463411331177,-7.121724756479264,6.630634739994999,-0.042208891193409565,-0.20372648772498775,0.1117952479191704
amp100_freq26,100,26,200,3.268682107925415,-1.2309143013954162,7.7247051301002445,1.3266290092468263,-5.087721117258072,8.13959999179839,0.07643662749451542,-0.052979536580488214,0.19760207061893323
amp180_freq26,180,26,200,6.651756114959717,2.9267859139442445,10.707368690729142,12.579995412826538,5.5109468938112265,20.03946319067478,-0.04486509200694547,-0.16889791691896933,0.07664576699745737
amp250_freq26,250,26,200,0.982249984741211,-3.333335217475891,5.024326155662532,7.691533331871033,0.99745272231102,14.329413444042203,-0.03559573607239963,-0.16172356887294853,0.08548666524900903
