{
  "session_dir": "../Haptic_Stim_session2_251204_131403",
  "config": "../Haptic_Stim_session2_251204_131403/My log/cmd_config_1_Dec4th_randomized_all.json",
  "metadata": {
    "n_bits": 16,
    "n_channels": 256,
    "sampling_rate_hz": 20000.0,
    "lfp_sampling_rate_hz": 1250.0,
    "channel_group_count": 6,
    "channel_group_sizes": [
      32,
      32,
      32,
      32,
      64,
      64
    ],
    "skipped_channel_count": 61,
    "skipped_channels": [
      225,
      240,
      226,
      241,
      227,
      242,
      228,
      243,
      229,
      244,
      230,
      245,
      231,
      246,
      232,
      247,
      233,
      248,
      234,
      249,
      235,
      250,
      236,
      251,
      237,
      252,
      238,
      253,
      239,
      254,
      208,
      255,
      209,
      224,
      210,
      220,
      221,
      222,
      193,
      194,
      197,
      198,
      199,
      200,
      201,
      202,
      203,
      204,
      205,
      206,
      161,
      162,
      163,
      164,
      165,
      166,
      167,
      168,
      169,
      170,
      171
    ]
  },
  "files": {
    "amplifier_dat_bytes": 185708904448,
    "time_dat_bytes": 1450850816,
    "digitalin_present": false
  },
  "n_channels": 256,
  "raw_samples_per_channel": 362712704,
  "raw_duration_s": 18135.6352,
  "recording_start_offset_s": 1886.780025,
  "auto_derived_offset_s": 1886.780025,
  "stimulus_config_count": 2400,
  "condition_counts": {
    "amp250_freq10": 200,
    "amp100_freq10": 200,
    "amp180_freq26": 200,
    "amp180_freq10": 200,
    "amp180_freq5": 200,
    "amp250_freq26": 200,
    "amp100_freq5": 200,
    "amp250_freq5": 200,
    "amp100_freq26": 200,
    "amp250_freq50": 200,
    "amp100_freq50": 200,
    "amp180_freq50": 200
  },
  "baseline_start_recording_s": 1886.780025,
  "first_trial_recording_start_s": 2786.780025,
  "last_trial_recording_end_s": 17183.780025,
  "ttl_note": "Dec 4 has no digitalin.dat (TTL/analog-in not shared). Trial timing is from the controller schedule + log START offset only; there is no TTL QC table for this session.",
  "sequence_csv": "outputs/dec4/dec4_condition_sequence.csv"
}