condition,n_trials,sustained_mean,sustained_ci_low,sustained_ci_high,offset_mean,offset_ci_low,offset_ci_high
amp100_freq5,200,-3.089885842204094,-26.252851344183085,20.324612953364838,17.79145058900118,-18.64152924204618,56.40770895477382
amp180_freq5,200,-3.456124571859837,-27.119366400815547,20.75306540370729,-4.128576829433441,-41.7903292170167,33.36805221015214
amp250_freq5,200,-3.8496906077861786,-29.405910062998533,20.897968045055855,2.4719229002296923,-35.76535892314837,42.42486996827646
amp100_freq26,200,7.12016843855381,-15.274242244184016,30.506354705169784,2.5107885402441026,-35.832747508943086,40.84257795131204
amp180_freq26,200,27.233257722854614,5.899109907656909,49.338389271378496,55.773830497562884,15.231182787276804,97.31507875907421
amp250_freq26,200,-2.8081044790148737,-25.94185250056535,19.658804663293047,36.07110483944416,-1.6766387817263604,72.83847624742982
