condition,n_trials,sustained_mean,sustained_ci_low,sustained_ci_high,offset_mean,offset_ci_low,offset_ci_high
amp100_freq5,200,15.9646843957901,-8.06623574745655,39.88670164477824,37.73528896331787,-2.7067845172882077,79.81682610070698
amp180_freq5,200,18.832806853055953,-5.079270879089832,43.2868922662437,18.29706906080246,-21.036024512231347,58.626302288293815
amp250_freq5,200,15.807302471399307,-10.288264051556586,41.25372572362423,31.77781331419945,-9.911581851303577,73.71048981615901
amp100_freq26,200,27.90258140206337,3.9418726539611817,52.568411182790975,23.462322019338608,-17.875469229131934,64.8746031245887
amp180_freq26,200,48.52701871871948,25.19055278033018,71.39168719017506,77.28736507177354,33.80709287011623,121.04855696010583
amp250_freq26,200,15.95518120288849,-8.32911531701684,39.59109366863964,60.62385434865951,20.804287132441996,99.92609638953209
