{
  "LEC_baseline_50Hz": 288.118896484375,
  "LEC_baseline_60Hz": 120.40785217285156,
  "LEC_50stim_50Hz": 515.6167602539062,
  "LEC_50stim_60Hz": 145.91714477539062,
  "LEC_50stim_100Hz": 61.08550262451172,
  "LEC_50stim_150Hz": 41.06032180786133,
  "LEC_5stim_50Hz": 251.4591064453125,
  "dHPC_baseline_50Hz": 1830.927490234375,
  "dHPC_50stim_50Hz": 1736.6116943359375,
  "LEC_50Hz_stim_over_baseline": 1.7895971647311537,
  "LEC_50Hz_harmonic_ratio_100over50": 0.11847074675080627
}
