{
  "n_movement_excluded": 121,
  "n_ks_good_units": 28,
  "responsive_q05_all": 0,
  "responsive_q05_excluded": 0,
  "spike_delta_corr": 0.950833817860875,
  "lfp_delta_corr": 0.9895670375808011
}
