{
  "session": "dec4",
  "note": "Per-probe robust-z QC (Port A and Port B scored separately because the LEC probe is ~2x noisier). Dec 4 QC ONLY -- the Dec 3 dHPC bad channels were hardware-fixed before Dec 4 and are not flagged by Dec 4 QC, so they are NOT carried over. candidate_bad_channels == definite_bad_channels for this auto pass.",
  "dec3_port_a_bad_channels_NOT_applied": [
    5,
    6,
    7,
    32,
    33,
    34,
    43,
    66,
    67
  ],
  "dec3_carryover_clean_in_dec4": [
    5,
    6,
    7,
    32,
    33,
    34,
    43,
    66,
    67
  ],
  "port_a_dHPC_bad": [
    121
  ],
  "port_b_LEC_bad": [
    128,
    129,
    130,
    131,
    132,
    133,
    134,
    135,
    137,
    138,
    139,
    140,
    141,
    142,
    224,
    225,
    226,
    227,
    228,
    229,
    230,
    231,
    232,
    233,
    234,
    235,
    236,
    237,
    238,
    239,
    240,
    241,
    242,
    243,
    244,
    245,
    246,
    247,
    248,
    249,
    250,
    251,
    252,
    253,
    254,
    255
  ],
  "per_probe_auto_flagged": {
    "A_dHPC_0-127": {
      "auto_flagged": [
        121
      ],
      "median_rms": 1061.0345499999999
    },
    "B_LEC_128-255": {
      "auto_flagged": [
        128,
        129,
        130,
        131,
        132,
        133,
        134,
        135,
        137,
        138,
        139,
        140,
        141,
        224,
        225,
        226,
        227,
        228,
        229,
        230,
        231,
        232,
        233,
        234,
        235,
        236,
        237,
        238,
        239,
        240,
        241,
        242,
        243,
        244,
        245,
        246,
        247,
        248,
        249,
        250,
        251,
        252,
        253,
        254,
        255
      ],
      "median_rms": 512.28134
    }
  },
  "candidate_bad_channels": [
    121,
    128,
    129,
    130,
    131,
    132,
    133,
    134,
    135,
    137,
    138,
    139,
    140,
    141,
    142,
    224,
    225,
    226,
    227,
    228,
    229,
    230,
    231,
    232,
    233,
    234,
    235,
    236,
    237,
    238,
    239,
    240,
    241,
    242,
    243,
    244,
    245,
    246,
    247,
    248,
    249,
    250,
    251,
    252,
    253,
    254,
    255
  ],
  "definite_bad_channels": [
    121,
    128,
    129,
    130,
    131,
    132,
    133,
    134,
    135,
    137,
    138,
    139,
    140,
    141,
    142,
    224,
    225,
    226,
    227,
    228,
    229,
    230,
    231,
    232,
    233,
    234,
    235,
    236,
    237,
    238,
    239,
    240,
    241,
    242,
    243,
    244,
    245,
    246,
    247,
    248,
    249,
    250,
    251,
    252,
    253,
    254,
    255
  ],
  "post_hoc_qc_2026_06": {
    "added_channels": [
      142
    ],
    "reason": "Independent post-hoc per-channel QC (4x60s robust-z RMS sweep) flagged LEC ch142 as hot (RMS ~1456, ~3.5x LEC median, robust-z 4.6). It escaped the original auto RMS pass. ch142 hosts NO curated good unit (good LEC unit peak channels span 173-214), so spike sorting/curation is unaffected. Its own 50 Hz ON-OFF rise is ~0, so excluding it changes the LEC 50 Hz region-mean by only +1.2% (4.90->4.96). Added to exclusion lists for future LFP region-means; existing sorts not re-run (no good unit on it).",
    "note_dec3_fixed_channels": "Dec3-fixed dHPC channels 5,6,7,32,33,34,43,66,67 are the highest-RMS dHPC channels in Dec4 (~2x median, robust-z ~2) but not outliers/dead; 'improved, not pristine'. Not excluded."
  }
}
