channel,rms,mad,ptp,absmax,zero_fraction,saturation_fraction,rough_mad,rms_rz,mad_rz,ptp_rz,rough_mad_rz,absmax_rz,exclude_reasons,exclude_auto,max_high_noise_rz
5,2352.9092,1381.5,15337.0,19580.0,0.00035,0.0,52.5,1.9161481643541247,1.70571488441331,2.213091925213054,0.5058673124999999,2.3876521957716546,,False,2.3876521957716546
33,2427.9238,1521.0,15770.5,18502.0,0.000475,0.0,53.0,2.0274480694697594,2.035281679947461,2.3263560377929497,0.67448975,2.1745201569324344,,False,2.3263560377929497
66,2385.8193,1513.75,15618.0,18193.0,0.00045,0.0,53.0,1.964977257661381,2.0181536565236424,2.28651110776196,0.67448975,2.113427578081489,,False,2.28651110776196
32,2365.2964,1477.0,15555.0,18672.0,0.000375,0.0,53.0,1.934527174266763,1.931332296409808,2.270050579290141,0.67448975,2.2081309608310127,,False,2.270050579290141
67,2397.593,1513.0,15346.5,18105.0,0.000275,0.0,52.0,1.982445974462141,2.0163817920315235,2.2155740683953127,0.337244875,2.0960290442986955,,False,2.2155740683953127
6,2416.0479,1392.75,14861.5,18548.0,0.000375,0.0,52.5,2.0098275767780818,1.7322928517950964,2.08885412698528,0.5058673124999999,2.183614845046168,,False,2.183614845046168
34,2336.2617,1467.25,15168.5,16864.0,0.0003,0.0,53.0,1.8914481776001548,1.9082980580122595,2.1690665435066823,0.67448975,1.8506701758390736,,False,2.1690665435066823
43,2154.7798,1332.0,13771.0,17845.0,0.000325,0.0,49.0,1.6221818088319888,1.5887718279334502,1.8039302174849887,-0.67448975,2.0446242853949874,,False,2.0446242853949874
7,2356.666,1351.5,14545.5,16536.0,0.000325,0.0,53.0,1.9217222154506537,1.6348403047285465,2.006290206396475,0.67448975,1.7858210953759344,,False,2.006290206396475
