{
  "within:dhpc_spikes_x_dhpc_phase:ON": {
    "n_units_tested": 14,
    "n_units_sig_p05": 9,
    "mean_unit_PLV": 0.0705,
    "pooled_PLV": 0.0392,
    "per_unit_PLV": [
      0.1243,
      0.11028,
      0.01824,
      0.03146,
      0.04703,
      0.07014,
      0.15626,
      0.05946,
      0.09773,
      0.05284,
      0.07527,
      0.07173,
      0.00881,
      0.06407
    ]
  },
  "within:dhpc_spikes_x_dhpc_phase:OFF": {
    "n_units_tested": 15,
    "n_units_sig_p05": 8,
    "mean_unit_PLV": 0.0646,
    "pooled_PLV": 0.0425,
    "per_unit_PLV": [
      0.12226,
      0.06718,
      0.01262,
      0.09935,
      0.01541,
      0.06533,
      0.05534,
      0.07404,
      0.04132,
      0.05397,
      0.14779,
      0.07224,
      0.05728,
      0.01384,
      0.07087
    ]
  },
  "cross:dhpc_spikes_x_lec_phase:ON": {
    "n_units_tested": 14,
    "n_units_sig_p05": 3,
    "mean_unit_PLV": 0.0429,
    "pooled_PLV": 0.0135,
    "per_unit_PLV": [
      0.01959,
      0.04501,
      0.00707,
      0.01997,
      0.02966,
      0.01747,
      0.28032,
      0.04486,
      0.06031,
      0.01769,
      0.01419,
      0.00814,
      0.00249,
      0.0333
    ]
  },
  "cross:dhpc_spikes_x_lec_phase:OFF": {
    "n_units_tested": 15,
    "n_units_sig_p05": 1,
    "mean_unit_PLV": 0.0312,
    "pooled_PLV": 0.0043,
    "per_unit_PLV": [
      0.02025,
      0.05747,
      0.01308,
      0.01714,
      0.02402,
      0.01808,
      0.09874,
      0.0302,
      0.02389,
      0.0088,
      0.12507,
      0.00353,
      0.01003,
      0.00755,
      0.01025
    ]
  },
  "cross:lec_spikes_x_dhpc_phase:ON": {
    "n_units_tested": 15,
    "n_units_sig_p05": 0,
    "mean_unit_PLV": 0.0408,
    "pooled_PLV": 0.0042,
    "per_unit_PLV": [
      0.01773,
      0.03124,
      0.03684,
      0.0325,
      0.02847,
      0.1714,
      0.0422,
      0.04014,
      0.03025,
      0.02145,
      0.00073,
      0.02363,
      0.01489,
      0.06027,
      0.06023
    ]
  },
  "cross:lec_spikes_x_dhpc_phase:OFF": {
    "n_units_tested": 15,
    "n_units_sig_p05": 1,
    "mean_unit_PLV": 0.0315,
    "pooled_PLV": 0.0121,
    "per_unit_PLV": [
      0.01323,
      0.01606,
      0.00789,
      0.00342,
      0.00405,
      0.0578,
      0.05494,
      0.016,
      0.01536,
      0.02159,
      0.01865,
      0.05779,
      0.01274,
      0.06122,
      0.11175
    ]
  },
  "within:lec_spikes_x_lec_phase:ON": {
    "n_units_tested": 15,
    "n_units_sig_p05": 4,
    "mean_unit_PLV": 0.0645,
    "pooled_PLV": 0.0414,
    "per_unit_PLV": [
      0.03242,
      0.03314,
      0.02443,
      0.03844,
      0.06787,
      0.19056,
      0.08444,
      0.09448,
      0.03149,
      0.03984,
      0.05533,
      0.02038,
      0.04824,
      0.08535,
      0.12045
    ]
  },
  "within:lec_spikes_x_lec_phase:OFF": {
    "n_units_tested": 15,
    "n_units_sig_p05": 5,
    "mean_unit_PLV": 0.0571,
    "pooled_PLV": 0.046,
    "per_unit_PLV": [
      0.01737,
      0.057,
      0.02931,
      0.03309,
      0.06017,
      0.09725,
      0.10855,
      0.07722,
      0.06363,
      0.02463,
      0.06684,
      0.06871,
      0.03501,
      0.09178,
      0.02638
    ]
  },
  "LFP_coherence_dHPC_LEC_50Hz:ON": {
    "mean_per_trial": 0.2652,
    "chance_floor_per_trial": 0.0724,
    "per_trial_coherence": [
      0.6183,
      0.4302,
      0.0946,
      0.1059,
      0.1251,
      0.4269,
      0.1886,
      0.117,
      0.3562,
      0.2333,
      0.1529,
      0.1876,
      0.4165,
      0.3922,
      0.1498,
      0.2126,
      0.2982,
      0.4725,
      0.4895,
      0.2742,
      0.5897,
      0.3001,
      0.2359,
      0.5093,
      0.2204,
      0.1741,
      0.3516,
      0.2417,
      0.1844,
      0.3776,
      0.3566,
      0.2715,
      0.3269,
      0.1475,
      0.3437,
      0.0648,
      0.3661,
      0.2005,
      0.5809,
      0.2949,
      0.1614,
      0.1755,
      0.3265,
      0.2317,
      0.4221,
      0.4925,
      0.4746,
      0.1252,
      0.4288,
      0.2658,
      0.4299,
      0.3222,
      0.3193,
      0.1418,
      0.3301,
      0.3127,
      0.4087,
      0.2726,
      0.1345,
      0.3559,
      0.3534,
      0.1707,
      0.2532,
      0.2789,
      0.2847,
      0.516,
      0.5398,
      0.3424,
      0.1834,
      0.2272,
      0.4783,
      0.4,
      0.3353,
      0.3211,
      0.234,
      0.2691,
      0.345,
      0.1193,
      0.1853,
      0.2665,
      0.3533,
      0.2014,
      0.3875,
      0.2319,
      0.3558,
      0.276,
      0.1859,
      0.1607,
      0.1562,
      0.5519,
      0.3976,
      0.2963,
      0.4391,
      0.3063,
      0.3077,
      0.1703,
      0.12,
      0.2343,
      0.2272,
      0.0736,
      0.2297,
      0.2791,
      0.2598,
      0.0214,
      0.2376,
      0.1471,
      0.2493,
      0.3468,
      0.2426,
      0.2705,
      0.5338,
      0.2925,
      0.3417,
      0.1818,
      0.3205,
      0.2748,
      0.3199,
      0.4466,
      0.1243,
      0.1859,
      0.3167,
      0.4973,
      0.1285,
      0.4186,
      0.1306,
      0.3528,
      0.3422,
      0.2785,
      0.3171,
      0.305,
      0.2951,
      0.2888,
      0.2013,
      0.2822,
      0.2386,
      0.2579,
      0.1097,
      0.2272,
      0.049,
      0.1993,
      0.1763,
      0.2633,
      0.1991,
      0.1241,
      0.1369,
      0.2136,
      0.1224,
      0.1833,
      0.4534,
      0.3573,
      0.2904,
      0.3336,
      0.3586,
      0.215,
      0.2763,
      0.3092,
      0.2116,
      0.1609,
      0.0788,
      0.1962,
      0.3453,
      0.1754,
      0.0249,
      0.2035,
      0.0456,
      0.3418,
      0.302,
      0.1545,
      0.3343,
      0.3126,
      0.2957,
      0.1468,
      0.2677,
      0.0724,
      0.1767,
      0.2396,
      0.0753,
      0.0502,
      0.2724,
      0.4329,
      0.2652,
      0.1532,
      0.117,
      0.1879,
      0.2603,
      0.158,
      0.2215,
      0.1841,
      0.3696,
      0.2118,
      0.1462,
      0.0693,
      0.1166,
      0.2789,
      0.228,
      0.2959,
      0.2641,
      0.2036,
      0.1443,
      0.1403
    ]
  },
  "LFP_coherence_dHPC_LEC_50Hz:OFF": {
    "mean_per_trial": 0.173,
    "chance_floor_per_trial": 0.0724,